iter	Logloss
0	0.26502394
1	0.1434392384
2	0.08775618417
3	0.06380683354
4	0.04672848157
5	0.03373658998
6	0.02466820989
7	0.02048216888
8	0.01579166821
9	0.01280729941
